,plant,df_fraction,best_threshold,roc_auc,pr_auc,f1,average_precision,norm_fraction,total_scored,total_plant
cicer arietinum,cicer arietinum,10,1674.3163986644613,0.5833333333333334,0.7,0.5714285714285715,0.4,0.0,2166,3463
cicer arietinum,cicer arietinum,60,374.5570383,0.671875,0.6,0.33333333333333337,0.2,0.03,2166,3463
cicer arietinum,cicer arietinum,110,348.6750604,0.6213768115942029,0.5818181818181818,0.28125,0.16363636363636364,0.05,2166,3463
cicer arietinum,cicer arietinum,160,212.476667,0.7312430011198208,0.559375,0.2122905027932961,0.11875,0.07,2166,3463
cicer arietinum,cicer arietinum,210,212.476667,0.7678947368421052,0.5476190476190477,0.17391304347826084,0.09523809523809523,0.1,2166,3463
cicer arietinum,cicer arietinum,260,145.10924500000002,0.7491405653170359,0.5423076923076923,0.15602836879432627,0.08461538461538462,0.12,2166,3463
cicer arietinum,cicer arietinum,310,145.10924500000002,0.7620815028026057,0.5370967741935484,0.13813813813813813,0.07419354838709677,0.14,2166,3463
cicer arietinum,cicer arietinum,360,145.10924500000002,0.7111354214647627,0.5361111111111111,0.13471502590673573,0.07222222222222222,0.17,2166,3463
cicer arietinum,cicer arietinum,410,145.10924500000002,0.6780251606480224,0.5353658536585366,0.13211845102505693,0.07073170731707316,0.19,2166,3463
cicer arietinum,cicer arietinum,460,145.10924500000002,0.6368604073522106,0.5358695652173913,0.1338742393509128,0.07173913043478261,0.21,2166,3463
cicer arietinum,cicer arietinum,510,145.10924500000002,0.6036226501342781,0.5362745098039216,0.13528336380255943,0.07254901960784314,0.24,2166,3463
cicer arietinum,cicer arietinum,560,145.10924500000002,0.6105123283626163,0.5348214285714286,0.1302170283806344,0.06964285714285715,0.26,2166,3463
cicer arietinum,cicer arietinum,610,145.10924500000002,0.5875476805709363,0.5352459016393443,0.13169984686064318,0.07049180327868852,0.28,2166,3463
cicer arietinum,cicer arietinum,660,145.10924500000002,0.5815748477552755,0.5348484848484849,0.13031161473087818,0.0696969696969697,0.3,2166,3463
cicer arietinum,cicer arietinum,710,145.10924500000002,0.5530661429974114,0.5359154929577464,0.13403416557161632,0.07183098591549296,0.33,2166,3463
cicer arietinum,cicer arietinum,760,145.10924500000002,0.5434945196647324,0.5361842105263158,0.13496932515337423,0.07236842105263158,0.35,2166,3463
cicer arietinum,cicer arietinum,810,145.10924500000002,0.5536217702290254,0.5351851851851852,0.13148788927335642,0.07037037037037037,0.37,2166,3463
cicer arietinum,cicer arietinum,860,145.10924500000002,0.5709003353684754,0.5337209302325582,0.12636165577342048,0.06744186046511629,0.4,2166,3463
cicer arietinum,cicer arietinum,910,30.5790063,0.5857117249895437,0.5324175824175824,0.12177502579979362,0.06483516483516484,0.42,2166,3463
cicer arietinum,cicer arietinum,960,30.5790063,0.5791723543357999,0.5322916666666667,0.1213307240704501,0.06458333333333334,0.44,2166,3463
cicer arietinum,cicer arietinum,1010,30.5790063,0.6013679052674561,0.5306930693069307,0.11567164179104476,0.061386138613861385,0.47,2166,3463
cicer arietinum,cicer arietinum,1060,30.5790063,0.6020645080321285,0.530360531309298,0.11449016100178891,0.06072106261859583,0.49,2166,3463
cicer arietinum,cicer arietinum,1110,14.977753,0.6023452920004644,0.5161099170586837,0.11428571428571428,0.060682832219834115,0.51,2166,3463
cicer arietinum,cicer arietinum,1160,14.977753,0.6114077371604921,0.5092655750560813,0.11418376449598573,0.06058841596506117,0.54,2166,3463
cicer arietinum,cicer arietinum,1210,14.977753,0.6193082311733801,0.5026016591653991,0.1140819964349376,0.060455020529704195,0.56,2166,3463
cicer arietinum,cicer arietinum,1260,7.3599853,0.5912799621470035,0.4722881242642881,0.11357586512866016,0.0603777613564206,0.58,2166,3463
cicer arietinum,cicer arietinum,1310,7.3599853,0.591255060728745,0.46122567125840735,0.1133746678476528,0.060212253332753936,0.6,2166,3463
cicer arietinum,cicer arietinum,1360,7.3599853,0.5993400557468437,0.4558249275941276,0.11327433628318584,0.059957055827424346,0.63,2166,3463
cicer arietinum,cicer arietinum,1410,7.3599853,0.606141795189057,0.4505548759717277,0.11317418213969939,0.05968931280005607,0.65,2166,3463
cicer arietinum,cicer arietinum,1460,7.3599853,0.6203810650665315,0.4503970016882341,0.11317418213969939,0.0593735642330688,0.67,2166,3463
cicer arietinum,cicer arietinum,1510,7.3599853,0.6175596422790117,0.440390709865757,0.11297440423654016,0.059125521765957756,0.7,2166,3463
cicer arietinum,cicer arietinum,1560,7.3599853,0.6226478040540541,0.4354887364375031,0.11287477954144623,0.05883326035128692,0.72,2166,3463
cicer arietinum,cicer arietinum,1610,7.3599853,0.6118028104559692,0.4218033211020092,0.11257695690413369,0.058622302568436084,0.74,2166,3463
cicer arietinum,cicer arietinum,1660,7.3599853,0.5879633645616471,0.4012258106083122,0.11208406304728548,0.05861860413882544,0.77,2166,3463
cicer arietinum,cicer arietinum,1710,7.3599853,0.574121970226259,0.38637375276874364,0.11169284467713787,0.05861500821878418,0.79,2166,3463
cicer arietinum,cicer arietinum,1760,7.3599853,0.5680480480480481,0.376009454754274,0.11140121845082682,0.05852045749616408,0.81,2166,3463
cicer arietinum,cicer arietinum,1810,7.3599853,0.5457710779855048,0.35741320895275286,0.11082251082251084,0.05891870189671321,0.84,2166,3463
cicer arietinum,cicer arietinum,1860,7.3599853,0.54220693884703,0.34880552717364866,0.11053540587219345,0.058872184109375766,0.86,2166,3463
cicer arietinum,cicer arietinum,1910,7.3599853,0.5494578551642263,0.3458554203643964,0.1104400345125108,0.05847690199200775,0.88,2166,3463
cicer arietinum,cicer arietinum,1960,6.897644,0.5562221408072296,0.3429616094764138,0.11034482758620691,0.05809034508508212,0.9,2166,3463
cicer arietinum,cicer arietinum,2010,6.897644,0.5467368421052632,0.3327124082880406,0.10996563573883161,0.05821419039012287,0.93,2166,3463
cicer arietinum,cicer arietinum,2060,6.897644,0.5062889194822243,0.30865829268296396,0.10893617021276596,0.059786828595184444,0.95,2166,3463
cicer arietinum,cicer arietinum,2110,6.897644,0.4772400279268194,0.2905121177207881,0.1080168776371308,0.061418806468706566,0.97,2166,3463
cicer arietinum,cicer arietinum,2160,6.897644,0.4535986145799304,0.27513495999330106,0.10711297071129708,0.06320948153531221,1.0,2166,3463
daucus carota,daucus carota,10,1269.559019389999,0.5833333333333334,0.7,0.5714285714285715,0.4,0.0,2078,3328
daucus carota,daucus carota,60,443.5345274,0.5916149068322981,0.6166666666666667,0.37837837837837834,0.23333333333333334,0.03,2078,3328
daucus carota,daucus carota,110,276.8342496,0.6350491613649508,0.5863636363636364,0.2945736434108527,0.17272727272727273,0.05,2078,3328
daucus carota,daucus carota,160,212.476667,0.7091469681397738,0.565625,0.23204419889502761,0.13125,0.08,2078,3328
daucus carota,daucus carota,210,154.24426,0.7603965183752418,0.5523809523809524,0.1896551724137931,0.10476190476190476,0.1,2078,3328
daucus carota,daucus carota,260,154.24426,0.7441737288135593,0.5461538461538462,0.16901408450704225,0.09230769230769231,0.13,2078,3328
daucus carota,daucus carota,310,154.24426,0.7618245614035088,0.5403225806451613,0.1492537313432836,0.08064516129032258,0.15,2078,3328
daucus carota,daucus carota,360,154.24426,0.6775757575757575,0.5416666666666666,0.15384615384615385,0.08333333333333333,0.17,2078,3328
daucus carota,daucus carota,410,154.24426,0.5771788341822298,0.5463414634146342,0.16964285714285712,0.09268292682926829,0.2,2078,3328
daucus carota,daucus carota,460,132.514,0.5825135339658888,0.5445652173913044,0.16367265469061876,0.0891304347826087,0.22,2078,3328
daucus carota,daucus carota,510,132.514,0.5863246195864222,0.5431372549019607,0.1588447653429603,0.08627450980392157,0.25,2078,3328
daucus carota,daucus carota,560,132.514,0.5744222005208333,0.5428571428571428,0.15789473684210528,0.08571428571428572,0.27,2078,3328
daucus carota,daucus carota,610,132.514,0.5997671795991123,0.5401639344262295,0.14871016691957514,0.08032786885245902,0.29,2078,3328
daucus carota,daucus carota,660,132.514,0.5737073707370737,0.5409090909090909,0.15126050420168066,0.08181818181818182,0.32,2078,3328
daucus carota,daucus carota,710,132.514,0.5474102564102564,0.5422535211267605,0.15584415584415587,0.08450704225352113,0.34,2078,3328
daucus carota,daucus carota,760,30.5790063,0.5517751816173624,0.5414473684210527,0.1530984204131227,0.08289473684210526,0.37,2078,3328
daucus carota,daucus carota,810,30.5790063,0.5640887971089313,0.5401234567901234,0.14857142857142858,0.08024691358024691,0.39,2078,3328
daucus carota,daucus carota,860,30.5790063,0.5738269560143795,0.538953488372093,0.14455231930960089,0.07790697674418605,0.41,2078,3328
daucus carota,daucus carota,910,30.5790063,0.5906629872851754,0.5373626373626373,0.1390593047034765,0.07472527472527472,0.44,2078,3328
daucus carota,daucus carota,960,30.5790063,0.5964526484751205,0.5364583333333334,0.13592233009708737,0.07291666666666667,0.46,2078,3328
daucus carota,daucus carota,1010,30.5790063,0.6003168680407486,0.5356435643564357,0.133086876155268,0.07128712871287128,0.49,2078,3328
daucus carota,daucus carota,1060,20.639893,0.5795272885812052,0.5052544158588196,0.13150684931506848,0.07085123980071527,0.51,2078,3328
daucus carota,daucus carota,1110,20.639893,0.5769053398058253,0.48896706136391793,0.13114754098360656,0.07086143117577302,0.53,2078,3328
daucus carota,daucus carota,1160,14.977753,0.5816722476130142,0.478698192831803,0.13090909090909092,0.07072237157572443,0.56,2078,3328
daucus carota,daucus carota,1210,14.977753,0.5853685612788633,0.4688935640176933,0.1306715063520871,0.07054042581815398,0.58,2078,3328
daucus carota,daucus carota,1260,7.3599853,0.5888881185373005,0.4595236644786606,0.13043478260869565,0.07032434270977697,0.61,2078,3328
daucus carota,daucus carota,1310,7.3599853,0.6056819045447637,0.4593116203734867,0.13043478260869565,0.06990025449942923,0.63,2078,3328
daucus carota,daucus carota,1360,7.3599853,0.6068601700971985,0.4503367197923999,0.1301989150090416,0.06963218221741277,0.65,2078,3328
daucus carota,daucus carota,1410,7.3599853,0.6148431984621796,0.4458862085771125,0.13008130081300812,0.06927401756039703,0.68,2078,3328
daucus carota,daucus carota,1460,7.3599853,0.6014819359558251,0.4296520127757805,0.12961296129612962,0.06913988333722557,0.7,2078,3328
daucus carota,daucus carota,1510,7.3599853,0.602283801376232,0.4219267202211021,0.1293800539083558,0.06883534510563089,0.73,2078,3328
daucus carota,daucus carota,1560,7.3599853,0.5908019275575744,0.4076536675505242,0.1289167412712623,0.06874544904996771,0.75,2078,3328
daucus carota,daucus carota,1610,7.3599853,0.5750778935539891,0.3914551921129183,0.1283422459893048,0.06884056406564308,0.77,2078,3328
daucus carota,daucus carota,1660,7.3599853,0.5508843252548868,0.3714347700364459,0.12754650132860937,0.06937089407915739,0.8,2078,3328
daucus carota,daucus carota,1710,7.3599853,0.5255718880889879,0.3516271562221552,0.1266490765171504,0.07027813572607894,0.82,2078,3328
daucus carota,daucus carota,1760,7.3599853,0.5088156437605642,0.3364186525655091,0.12587412587412586,0.07109719847932028,0.85,2078,3328
daucus carota,daucus carota,1810,7.3599853,0.5108208938016776,0.330179081555766,0.12554489973844812,0.07096720043962623,0.87,2078,3328
daucus carota,daucus carota,1860,7.3599853,0.5125385802469136,0.32421976274565156,0.1252173913043478,0.07083638207283559,0.9,2078,3328
daucus carota,daucus carota,1910,7.3599853,0.5021714594170184,0.3135105098887004,0.12456747404844289,0.07145597322405667,0.92,2078,3328
daucus carota,daucus carota,1960,7.3599853,0.4722983425414365,0.2952614169439878,0.12328767123287669,0.0737448378172487,0.94,2078,3328
daucus carota,daucus carota,2010,7.3599853,0.4452486373193473,0.27885916938623384,0.12193056731583403,0.07651496875788354,0.97,2078,3328
daucus carota,daucus carota,2060,4.517055530000004,0.4341157124556562,0.26893762800190385,0.12100840336134454,0.07815030511972128,0.99,2078,3328
glycine max,glycine max,10,2289.67680983446,0.625,0.7,0.5714285714285715,0.4,0.0,2345,3675
glycine max,glycine max,60,741.3202759999999,0.6644880174291938,0.575,0.2608695652173913,0.15,0.03,2345,3675
glycine max,glycine max,110,283.4191038,0.7438016528925621,0.55,0.18181818181818182,0.1,0.05,2345,3675
glycine max,glycine max,160,283.4191038,0.575508607198748,0.55625,0.20224719101123595,0.1125,0.07,2345,3675
glycine max,glycine max,210,247.35936584299992,0.6505924497106642,0.5452380952380952,0.16593886462882096,0.09047619047619047,0.09,2345,3675
glycine max,glycine max,260,154.24426,0.6340718105423988,0.5423076923076923,0.15602836879432627,0.08461538461538462,0.11,2345,3675
glycine max,glycine max,310,154.24426,0.616701754385965,0.5403225806451613,0.1492537313432836,0.08064516129032258,0.13,2345,3675
glycine max,glycine max,360,154.24426,0.6298520742965187,0.5375,0.13953488372093023,0.075,0.15,2345,3675
glycine max,glycine max,410,154.24426,0.5435700876095119,0.5414634146341464,0.15315315315315314,0.08292682926829269,0.17,2345,3675
glycine max,glycine max,460,119.918755,0.5483355696121653,0.5402173913043479,0.14889336016096577,0.08043478260869565,0.2,2345,3675
glycine max,glycine max,510,119.918755,0.5546808510638297,0.5392156862745098,0.14545454545454545,0.0784313725490196,0.22,2345,3675
glycine max,glycine max,560,119.918755,0.5440010570824525,0.5392857142857143,0.1456953642384106,0.07857142857142857,0.24,2345,3675
glycine max,glycine max,610,119.918755,0.5719567354965585,0.5368852459016393,0.13740458015267176,0.07377049180327869,0.26,2345,3675
glycine max,glycine max,660,91.007,0.5489180327868852,0.5378787878787878,0.14084507042253522,0.07575757575757576,0.28,2345,3675
glycine max,glycine max,710,42.087112,0.5716028444761819,0.5359154929577464,0.13403416557161632,0.07183098591549296,0.3,2345,3675
glycine max,glycine max,760,42.087112,0.5574468085106383,0.5361842105263158,0.13496932515337423,0.07236842105263158,0.32,2345,3675
glycine max,glycine max,810,42.087112,0.5485341578460359,0.5364197530864198,0.13578826237054084,0.0728395061728395,0.35,2345,3675
glycine max,glycine max,860,30.1229922,0.5479828603767483,0.536046511627907,0.1344902386117137,0.07209302325581396,0.37,2345,3675
glycine max,glycine max,910,30.1229922,0.5650943573021494,0.5346153846153846,0.12949640287769784,0.06923076923076923,0.39,2345,3675
glycine max,glycine max,960,30.1229922,0.5711216158143533,0.5338541666666666,0.12682926829268293,0.06770833333333333,0.41,2345,3675
glycine max,glycine max,1010,30.1229922,0.5598345885505706,0.5341584158415842,0.1278962001853568,0.06831683168316832,0.43,2345,3675
glycine max,glycine max,1060,30.1229922,0.5498119387655964,0.534433962264151,0.12886142983230361,0.06886792452830189,0.45,2345,3675
glycine max,glycine max,1110,30.1229922,0.5635174266931022,0.5333333333333333,0.125,0.06666666666666667,0.47,2345,3675
glycine max,glycine max,1160,30.1229922,0.5683931345892406,0.533129904097646,0.12428454619787407,0.06625980819529206,0.49,2345,3675
glycine max,glycine max,1210,30.1229922,0.5654008438818565,0.5153822317469817,0.12398042414355627,0.06622295179034478,0.52,2345,3675
glycine max,glycine max,1260,14.977753,0.5693672185049058,0.5042498335509088,0.1237785016286645,0.06613795054655269,0.54,2345,3675
glycine max,glycine max,1310,14.977753,0.5655393070768274,0.4885642915931022,0.12347684809098293,0.06605622050093855,0.56,2345,3675
glycine max,glycine max,1360,14.977753,0.5618956036514342,0.4739556309401072,0.12317666126418152,0.06597036659115439,0.58,2345,3675
glycine max,glycine max,1410,14.977753,0.5719080937972768,0.46920340506476405,0.12307692307692307,0.06573501810289731,0.6,2345,3675
glycine max,glycine max,1460,14.977753,0.5616776315789475,0.4516528344133101,0.12267958030669895,0.06569526740135205,0.62,2345,3675
glycine max,glycine max,1510,7.3599853,0.570643719504329,0.44736119370812816,0.12258064516129032,0.06540607839131038,0.64,2345,3675
glycine max,glycine max,1560,7.3599853,0.5728435423028562,0.43921964768738964,0.12238325281803542,0.06518733373572083,0.67,2345,3675
glycine max,glycine max,1610,7.3599853,0.5747269369927979,0.4314042205476684,0.12218649517684886,0.06495837952728396,0.69,2345,3675
glycine max,glycine max,1660,7.3599853,0.5761684752716143,0.4238959987794033,0.1219903691813804,0.06472153706899139,0.71,2345,3675
glycine max,glycine max,1710,7.3599853,0.5831832298136645,0.42014744795729514,0.1218925421010425,0.06439254194772022,0.73,2345,3675
glycine max,glycine max,1760,7.3599853,0.5782792624406021,0.40973239747805207,0.12159999999999999,0.06423164135151294,0.75,2345,3675
glycine max,glycine max,1810,7.3599853,0.5625598424511469,0.3938215349550228,0.12111553784860557,0.06430683044477377,0.77,2345,3675
glycine max,glycine max,1860,7.3599853,0.539227606826959,0.3740485576740836,0.12044374009508715,0.06475683256889428,0.79,2345,3675
glycine max,glycine max,1910,7.3599853,0.5329026082794927,0.3637141796927008,0.12006319115323853,0.06483027743248096,0.81,2345,3675
glycine max,glycine max,1960,7.3599853,0.5185700272479563,0.34962990409764605,0.11949685534591194,0.06528596338273757,0.84,2345,3675
glycine max,glycine max,2010,7.3599853,0.5142613404547309,0.34088762711048887,0.11912225705329153,0.06540494542756302,0.86,2345,3675
glycine max,glycine max,2060,7.3599853,0.5105407525039896,0.33267914126824244,0.11875,0.06553265045278825,0.88,2345,3675
glycine max,glycine max,2110,7.3599853,0.5108990404672507,0.32675967828220137,0.11847233047544817,0.06546355883118565,0.9,2345,3675
glycine max,glycine max,2160,7.3599853,0.48899460939505435,0.31117109183710967,0.11764705882352941,0.06667372322266649,0.92,2345,3675
glycine max,glycine max,2210,7.3599853,0.4639852195840511,0.2948191951987018,0.11665387567152724,0.068479514399818,0.94,2345,3675
glycine max,glycine max,2260,1.6887207,0.4491241773342012,0.28312319988740203,0.11585365853658537,0.06990020020279797,0.96,2345,3675
glycine max,glycine max,2310,1.6887207,0.4338735362997658,0.2717013326690746,0.11497730711043873,0.0716328309876697,0.99,2345,3675
lactuca sativa,lactuca sativa,10,1245.7480536644612,0.48000000000000004,0.75,0.6666666666666666,0.5,0.0,2170,3421
lactuca sativa,lactuca sativa,60,443.5345274,0.6177777777777778,0.625,0.4,0.25,0.03,2170,3421
lactuca sativa,lactuca sativa,110,314.82494570392,0.5852713178294573,0.6090909090909091,0.3582089552238806,0.21818181818181817,0.05,2170,3421
lactuca sativa,lactuca sativa,160,194.6347554,0.6885763490241102,0.58125,0.27956989247311825,0.1625,0.07,2170,3421
lactuca sativa,lactuca sativa,210,154.24426,0.7062297580491521,0.569047619047619,0.24267782426778245,0.1380952380952381,0.1,2170,3421
lactuca sativa,lactuca sativa,260,154.24426,0.7442028985507246,0.5576923076923077,0.20689655172413793,0.11538461538461539,0.12,2170,3421
lactuca sativa,lactuca sativa,310,154.24426,0.688,0.5564516129032258,0.2028985507246377,0.11290322580645161,0.14,2170,3421
lactuca sativa,lactuca sativa,360,145.10924500000002,0.696594427244582,0.5513888888888889,0.18639798488664985,0.10277777777777777,0.17,2170,3421
lactuca sativa,lactuca sativa,410,145.10924500000002,0.624441132637854,0.5536585365853659,0.1938325991189427,0.1073170731707317,0.19,2170,3421
lactuca sativa,lactuca sativa,460,145.10924500000002,0.617136933656958,0.5521739130434783,0.18897637795275588,0.10434782608695652,0.21,2170,3421
lactuca sativa,lactuca sativa,510,145.10924500000002,0.6101150487067518,0.5509803921568628,0.18505338078291814,0.10196078431372549,0.24,2170,3421
lactuca sativa,lactuca sativa,560,101.3434597,0.6256953593910116,0.5482142857142858,0.1758957654723127,0.09642857142857143,0.26,2170,3421
lactuca sativa,lactuca sativa,610,101.3434597,0.615457896051974,0.5475409836065573,0.17365269461077845,0.09508196721311475,0.28,2170,3421
lactuca sativa,lactuca sativa,660,101.3434597,0.6154382988040176,0.5462121212121213,0.16920943134535366,0.09242424242424242,0.3,2170,3421
lactuca sativa,lactuca sativa,710,101.3434597,0.5861168496553004,0.5471830985915493,0.17245817245817244,0.09436619718309859,0.33,2170,3421
lactuca sativa,lactuca sativa,760,101.3434597,0.550199513381995,0.5493421052631579,0.17964071856287428,0.09868421052631579,0.35,2170,3421
lactuca sativa,lactuca sativa,810,101.3434597,0.5433818493150685,0.5493827160493827,0.1797752808988764,0.09876543209876543,0.37,2170,3421
lactuca sativa,lactuca sativa,860,30.5790063,0.551898714549317,0.5482558139534883,0.17603393425238603,0.09651162790697675,0.4,2170,3421
lactuca sativa,lactuca sativa,910,30.5790063,0.5577303002935199,0.5472527472527473,0.17269076305220882,0.0945054945054945,0.42,2170,3421
lactuca sativa,lactuca sativa,960,30.5790063,0.563094209161625,0.5463541666666667,0.16968541468064824,0.09270833333333334,0.44,2170,3421
lactuca sativa,lactuca sativa,1010,30.5790063,0.5671414701146159,0.5455445544554456,0.16696914700544463,0.09108910891089109,0.47,2170,3421
lactuca sativa,lactuca sativa,1060,30.5790063,0.5520864270864271,0.5462264150943397,0.16925734024179617,0.09245283018867924,0.49,2170,3421
lactuca sativa,lactuca sativa,1110,30.5790063,0.5622524752475248,0.5363976511330272,0.16652506372132542,0.09097543225676931,0.51,2170,3421
lactuca sativa,lactuca sativa,1160,23.917150900000003,0.5711015975388265,0.5276130450259059,0.16624257845631893,0.09087340375909593,0.53,2170,3421
lactuca sativa,lactuca sativa,1210,23.917150900000003,0.5788052928084574,0.5191299352289477,0.165961049957663,0.09070255312341917,0.56,2170,3421
lactuca sativa,lactuca sativa,1260,23.917150900000003,0.5798810093133718,0.5070121040371997,0.16554054054054054,0.09048269868955575,0.58,2170,3421
lactuca sativa,lactuca sativa,1310,7.3599853,0.5861743653988649,0.49923650791823876,0.16526138279932545,0.09020761670705751,0.6,2170,3421
lactuca sativa,lactuca sativa,1360,7.3599853,0.5860054658882784,0.48814380905565574,0.1648444070647603,0.08991343055327981,0.63,2170,3421
lactuca sativa,lactuca sativa,1410,7.3599853,0.5911644466103531,0.4809950705008833,0.16456759026028547,0.08957000058573111,0.65,2170,3421
lactuca sativa,lactuca sativa,1460,7.3599853,0.5855414382783096,0.46760030258875507,0.16401673640167366,0.08926950340390792,0.67,2170,3421
lactuca sativa,lactuca sativa,1510,7.3599853,0.5800951953512543,0.455083114361971,0.1634695579649708,0.08898717945228582,0.7,2170,3421
lactuca sativa,lactuca sativa,1560,7.3599853,0.5802034843205575,0.4461505963859725,0.1630615640599002,0.08864659667166631,0.72,2170,3421
lactuca sativa,lactuca sativa,1610,7.3599853,0.5441400949796472,0.41759211011520997,0.1615828524319868,0.08917133039481992,0.74,2170,3421
lactuca sativa,lactuca sativa,1660,5.82,0.5424929511278196,0.4081473526417648,0.1610517666392769,0.0889966551442539,0.76,2170,3421
lactuca sativa,lactuca sativa,1710,5.82,0.5253248607121846,0.391197714354143,0.16,0.08949221909198452,0.79,2170,3421
lactuca sativa,lactuca sativa,1760,5.82,0.5177055198848475,0.37958765932303534,0.15922014622258326,0.08972313665906981,0.81,2170,3421
lactuca sativa,lactuca sativa,1810,4.97877572,0.5045771904590675,0.36564544404564514,0.15819209039548024,0.09040456692022754,0.83,2170,3421
lactuca sativa,lactuca sativa,1860,4.97877572,0.5058676263495541,0.35895704301616566,0.1576830249396621,0.09027819427589051,0.86,2170,3421
lactuca sativa,lactuca sativa,1910,4.97877572,0.504021939072331,0.3511564054784445,0.15705128205128205,0.09036821719144789,0.88,2170,3421
lactuca sativa,lactuca sativa,1960,4.97877572,0.49602611634446847,0.34118581237383694,0.15617529880478087,0.0909138717300322,0.9,2170,3421
lactuca sativa,lactuca sativa,2010,4.97877572,0.48627764808526697,0.33082815771086166,0.15518606492478226,0.09172390659992635,0.93,2170,3421
lactuca sativa,lactuca sativa,2060,4.97877572,0.45468616949314405,0.3123614974701578,0.153125,0.09489877056225382,0.95,2170,3421
lactuca sativa,lactuca sativa,2110,4.97877572,0.4355033460651783,0.2995022539777309,0.15146831530139104,0.09749194318474269,0.97,2170,3421
lactuca sativa,lactuca sativa,2160,4.97877572,0.41540142230022425,0.2870471794166756,0.14961832061068703,0.1007719444012736,1.0,2170,3421
malus domestica,malus domestica,10,1298.8266361644614,0.4166666666666667,0.7,0.5714285714285715,0.4,0.0,2190,3445
malus domestica,malus domestica,60,391.364345,0.5990180032733224,0.6083333333333334,0.3561643835616438,0.21666666666666667,0.03,2190,3445
malus domestica,malus domestica,110,257.6249158,0.6055555555555556,0.5909090909090909,0.3076923076923077,0.18181818181818182,0.05,2190,3445
malus domestica,malus domestica,160,194.6347554,0.6715328467153284,0.571875,0.2513661202185792,0.14375,0.07,2190,3445
malus domestica,malus domestica,210,154.24426,0.6814381270903009,0.5619047619047619,0.22033898305084745,0.12380952380952381,0.1,2190,3445
malus domestica,malus domestica,260,154.24426,0.7213479573994596,0.551923076923077,0.18815331010452963,0.10384615384615385,0.12,2190,3445
malus domestica,malus domestica,310,154.24426,0.7183089949687078,0.5467741935483871,0.1710914454277286,0.0935483870967742,0.14,2190,3445
malus domestica,malus domestica,360,154.24426,0.67134649244741,0.5458333333333333,0.16793893129770993,0.09166666666666666,0.16,2190,3445
malus domestica,malus domestica,410,154.24426,0.6257427843803056,0.5463414634146342,0.16964285714285712,0.09268292682926829,0.19,2190,3445
malus domestica,malus domestica,460,117.42,0.5955049913557525,0.5467391304347826,0.1709741550695825,0.09347826086956522,0.21,2190,3445
malus domestica,malus domestica,510,117.42,0.6239758095981272,0.5431372549019607,0.1588447653429603,0.08627450980392157,0.23,2190,3445
malus domestica,malus domestica,560,117.42,0.6068929036458334,0.5428571428571428,0.15789473684210528,0.08571428571428572,0.26,2190,3445
malus domestica,malus domestica,610,100.89109407,0.5930865729252826,0.5426229508196722,0.15709969788519637,0.08524590163934426,0.28,2190,3445
malus domestica,malus domestica,660,100.89109407,0.5815988647114475,0.5424242424242425,0.1564245810055866,0.08484848484848485,0.3,2190,3445
malus domestica,malus domestica,710,100.89109407,0.5615701331177853,0.5429577464788733,0.15823605706874186,0.08591549295774648,0.32,2190,3445
malus domestica,malus domestica,760,100.89109407,0.5739564118330259,0.5414473684210527,0.1530984204131227,0.08289473684210526,0.35,2190,3445
malus domestica,malus domestica,810,100.89109407,0.5662200437918081,0.5413580246913581,0.15279361459521093,0.08271604938271605,0.37,2190,3445
malus domestica,malus domestica,860,38.631188310000006,0.5935706084959815,0.538953488372093,0.14455231930960089,0.07790697674418605,0.39,2190,3445
malus domestica,malus domestica,910,28.94000732,0.5992865636147443,0.5379120879120879,0.14096016343207354,0.07582417582417582,0.42,2190,3445
malus domestica,malus domestica,960,28.94000732,0.6129935794542536,0.5364583333333334,0.13592233009708737,0.07291666666666667,0.44,2190,3445
malus domestica,malus domestica,1010,28.94000732,0.6075569070627622,0.5361386138613862,0.1348107109879963,0.07227722772277227,0.46,2190,3445
malus domestica,malus domestica,1060,28.94000732,0.5792655389101795,0.5372641509433962,0.13871817383669885,0.07452830188679245,0.48,2190,3445
malus domestica,malus domestica,1110,28.94000732,0.5846440869116607,0.5254022368139283,0.13703382480485687,0.073676225977221,0.51,2190,3445
malus domestica,malus domestica,1160,28.94000732,0.5824482209240573,0.5092402825772615,0.13667820069204153,0.07361782528245472,0.53,2190,3445
malus domestica,malus domestica,1210,28.94000732,0.5940392156862746,0.5040322361212896,0.13656006914433882,0.07345077601782049,0.55,2190,3445
malus domestica,malus domestica,1260,14.977753,0.5835692148264711,0.4846354936127282,0.13608957795004306,0.07335030971413664,0.58,2190,3445
malus domestica,malus domestica,1310,14.977753,0.587556004291033,0.4754931016630629,0.1358555460017197,0.07313644114800547,0.6,2190,3445
malus domestica,malus domestica,1360,14.977753,0.603806752742923,0.47532471369718954,0.1358555460017197,0.07279966521625872,0.62,2190,3445
malus domestica,malus domestica,1410,8.82187522,0.5801344210551111,0.4504464884941382,0.13515825491873396,0.07278480650050909,0.64,2190,3445
malus domestica,malus domestica,1460,8.82187522,0.5895029818094639,0.44641508873023755,0.13504273504273506,0.07242011044859571,0.67,2190,3445
malus domestica,malus domestica,1510,8.82187522,0.5917340425531914,0.43880065730947915,0.1348122866894198,0.07212556835030148,0.69,2190,3445
malus domestica,malus domestica,1560,8.82187522,0.5654784493571148,0.414980252404405,0.13401187446988974,0.07235832877310071,0.71,2190,3445
malus domestica,malus domestica,1610,8.82187522,0.5581048026011335,0.40264075897998675,0.13355874894336434,0.07232468052552414,0.74,2190,3445
malus domestica,malus domestica,1660,5.82,0.5470955422547793,0.3885088346179365,0.132996632996633,0.07247733212830737,0.76,2190,3445
malus domestica,malus domestica,1710,5.82,0.5324410538051783,0.3731906061438565,0.1323283082077052,0.0728661034058926,0.78,2190,3445
malus domestica,malus domestica,1760,5.82,0.528780769753842,0.36369135114470935,0.13188647746243742,0.0729095324244578,0.8,2190,3445
malus domestica,malus domestica,1810,5.82,0.5051564400221117,0.3449092207776342,0.13090306545153274,0.07406388102458854,0.83,2190,3445
malus domestica,malus domestica,1860,5.82,0.5038667497146965,0.33714870905394123,0.1304706853839802,0.07414172176943087,0.85,2190,3445
malus domestica,malus domestica,1910,5.82,0.4953912278987985,0.3265382949398162,0.12982744453574366,0.07470551422343061,0.87,2190,3445
malus domestica,malus domestica,1960,5.82,0.5021031026861931,0.32290143669408067,0.12961443806398687,0.07429815209665955,0.89,2190,3445
malus domestica,malus domestica,2010,5.82,0.4873176245543866,0.3105911972396084,0.12876935615321924,0.07537112822981865,0.92,2190,3445
malus domestica,malus domestica,2060,5.82,0.46537257795702347,0.2959153270086577,0.12762520193861066,0.07730426487867134,0.94,2190,3445
malus domestica,malus domestica,2110,5.82,0.44444541372973223,0.2822168429247341,0.1264,0.0796263321684352,0.96,2190,3445
malus domestica,malus domestica,2160,5.82,0.4246501399971814,0.26957922357381214,0.1250989707046714,0.08233262859640135,0.99,2190,3445
musa acuminata,musa acuminata,10,2832.44295403,0.5714285714285714,0.65,0.4615384615384615,0.3,0.0,2107,3328
musa acuminata,musa acuminata,60,443.5345274,0.6215213358070502,0.5916666666666667,0.30985915492957744,0.18333333333333332,0.03,2107,3328
musa acuminata,musa acuminata,110,257.6249158,0.6103723404255319,0.5727272727272728,0.25396825396825395,0.14545454545454545,0.05,2107,3328
musa acuminata,musa acuminata,160,225.06,0.702180172768408,0.553125,0.192090395480226,0.10625,0.08,2107,3328
musa acuminata,musa acuminata,210,154.24426,0.7413194444444444,0.5428571428571428,0.15789473684210528,0.08571428571428572,0.1,2107,3328
musa acuminata,musa acuminata,260,145.10924500000002,0.6871886830045826,0.5403846153846154,0.14946619217081852,0.08076923076923077,0.12,2107,3328
musa acuminata,musa acuminata,310,145.10924500000002,0.7138573232323233,0.535483870967742,0.1325301204819277,0.07096774193548387,0.15,2107,3328
musa acuminata,musa acuminata,360,145.10924500000002,0.6254031809587365,0.5375,0.13953488372093023,0.075,0.17,2107,3328
musa acuminata,musa acuminata,410,145.10924500000002,0.5694031084656084,0.5390243902439025,0.14479638009049772,0.07804878048780488,0.19,2107,3328
musa acuminata,musa acuminata,460,145.10924500000002,0.5394224011245288,0.5402173913043479,0.14889336016096577,0.08043478260869565,0.22,2107,3328
musa acuminata,musa acuminata,510,145.10924500000002,0.5086151088093223,0.542156862745098,0.15551537070524415,0.08431372549019608,0.24,2107,3328
musa acuminata,musa acuminata,560,145.10924500000002,0.4954630533854167,0.5428571428571428,0.15789473684210528,0.08571428571428572,0.27,2107,3328
musa acuminata,musa acuminata,610,145.10924500000002,0.5288842809851213,0.5401639344262295,0.14871016691957514,0.08032786885245902,0.29,2107,3328
musa acuminata,musa acuminata,660,145.10924500000002,0.5569344262295082,0.5378787878787878,0.14084507042253522,0.07575757575757576,0.31,2107,3328
musa acuminata,musa acuminata,710,145.10924500000002,0.5277823285277414,0.5394366197183098,0.14621409921671022,0.07887323943661972,0.34,2107,3328
musa acuminata,musa acuminata,760,20.639893,0.5411017781707437,0.5381578947368421,0.14180929095354525,0.07631578947368421,0.36,2107,3328
musa acuminata,musa acuminata,810,20.639893,0.5619512965763164,0.5364197530864198,0.13578826237054084,0.0728395061728395,0.38,2107,3328
musa acuminata,musa acuminata,860,20.639893,0.57934375,0.5348837209302325,0.13043478260869565,0.06976744186046512,0.41,2107,3328
musa acuminata,musa acuminata,910,20.639893,0.5845157486305539,0.5340659340659341,0.12757201646090535,0.06813186813186813,0.43,2107,3328
musa acuminata,musa acuminata,960,19.3305357,0.5891026088169643,0.5333333333333333,0.125,0.06666666666666667,0.46,2107,3328
musa acuminata,musa acuminata,1010,14.977753,0.6013105413105413,0.5321782178217822,0.12093023255813953,0.06435643564356436,0.48,2107,3328
musa acuminata,musa acuminata,1060,14.977753,0.6023733297259923,0.5173584281065515,0.11775362318840578,0.06269653352567234,0.5,2107,3328
musa acuminata,musa acuminata,1110,14.977753,0.6032939342048476,0.5041566995698897,0.11754068716094032,0.06265074348592858,0.53,2107,3328
musa acuminata,musa acuminata,1160,14.977753,0.612699868938401,0.4977812917139722,0.11743450767841011,0.0625139541401637,0.55,2107,3328
musa acuminata,musa acuminata,1210,14.977753,0.603908386645944,0.47985166959048653,0.11711711711711711,0.06242325041067942,0.57,2107,3328
musa acuminata,musa acuminata,1260,14.977753,0.5884006103786323,0.4581802318542916,0.11669658886894074,0.062436181626152686,0.6,2107,3328
musa acuminata,musa acuminata,1310,14.977753,0.605091583193773,0.45799847976414254,0.11669658886894074,0.06207267744585461,0.62,2107,3328
musa acuminata,musa acuminata,1360,14.977753,0.6123544941797672,0.45278648344583733,0.11659192825112107,0.0617928318868531,0.65,2107,3328
musa acuminata,musa acuminata,1410,14.977753,0.6191119268847065,0.4476973490848481,0.1164874551971326,0.06150189639241761,0.67,2107,3328
musa acuminata,musa acuminata,1460,14.977753,0.6329022264182074,0.4475273306257011,0.1164874551971326,0.06116185947412362,0.69,2107,3328
musa acuminata,musa acuminata,1510,14.977753,0.6144747173698297,0.428866934975368,0.11607142857142856,0.06100791114928142,0.72,2107,3328
musa acuminata,musa acuminata,1560,14.977753,0.5986219381823006,0.41195490545655145,0.11565836298932383,0.060933054354063224,0.74,2107,3328
musa acuminata,musa acuminata,1610,7.43,0.5717779148148936,0.38949842277977564,0.11504424778761062,0.06120047264761559,0.76,2107,3328
musa acuminata,musa acuminata,1660,7.43,0.548825862727208,0.3698641971527148,0.11443661971830986,0.061635994901554726,0.79,2107,3328
musa acuminata,musa acuminata,1710,7.43,0.5349201312386245,0.35524391378639464,0.11393514460999124,0.06198252381194065,0.81,2107,3328
musa acuminata,musa acuminata,1760,7.43,0.5279991704779841,0.3444822400312998,0.11353711790393013,0.062156379773303586,0.84,2107,3328
musa acuminata,musa acuminata,1810,7.43,0.5124415549486925,0.32996403591492035,0.11294526498696786,0.06281088155424817,0.86,2107,3328
musa acuminata,musa acuminata,1860,7.43,0.5170312994305599,0.325222496226923,0.11274934952298352,0.06254222252733402,0.88,2107,3328
musa acuminata,musa acuminata,1910,7.43,0.521160430538741,0.32063847937776235,0.11255411255411255,0.062276255945920705,0.91,2107,3328
musa acuminata,musa acuminata,1960,7.43,0.5033307901907357,0.3066465274634444,0.11187607573149742,0.06320626611300258,0.93,2107,3328
musa acuminata,musa acuminata,2010,7.43,0.4519011822541243,0.2793678733068059,0.11026293469041559,0.06700037779510774,0.95,2107,3328
musa acuminata,musa acuminata,2060,7.43,0.42753062781919027,0.26398130780099865,0.10915197313182198,0.0696600695463172,0.98,2107,3328
olea europaea var. sylvestris,olea europaea var. sylvestris,10,7473.117836399997,0.5625,0.6,0.33333333333333337,0.2,0.0,2130,3384
olea europaea var. sylvestris,olea europaea var. sylvestris,60,391.364345,0.6549865229110512,0.5583333333333333,0.208955223880597,0.11666666666666667,0.03,2130,3384
olea europaea var. sylvestris,olea europaea var. sylvestris,110,391.364345,0.5306122448979592,0.5545454545454546,0.19672131147540983,0.10909090909090909,0.05,2130,3384
olea europaea var. sylvestris,olea europaea var. sylvestris,160,154.24426,0.6891891891891891,0.5375,0.13953488372093023,0.075,0.08,2130,3384
olea europaea var. sylvestris,olea europaea var. sylvestris,210,154.24426,0.6400000000000001,0.5357142857142857,0.13333333333333333,0.07142857142857142,0.1,2130,3384
olea europaea var. sylvestris,olea europaea var. sylvestris,260,145.10924500000002,0.6746926229508198,0.5307692307692308,0.11594202898550725,0.06153846153846154,0.12,2130,3384
olea europaea var. sylvestris,olea europaea var. sylvestris,310,145.10924500000002,0.6550608828006088,0.5290322580645161,0.10975609756097561,0.05806451612903226,0.15,2130,3384
olea europaea var. sylvestris,olea europaea var. sylvestris,360,145.10924500000002,0.5874125874125874,0.5305555555555556,0.11518324607329843,0.06111111111111111,0.17,2130,3384
olea europaea var. sylvestris,olea europaea var. sylvestris,410,145.10924500000002,0.6158858555218514,0.5280487804878049,0.10623556581986143,0.05609756097560976,0.19,2130,3384
olea europaea var. sylvestris,olea europaea var. sylvestris,460,145.10924500000002,0.5900389932647997,0.5282608695652173,0.10699588477366256,0.05652173913043478,0.22,2130,3384
olea europaea var. sylvestris,olea europaea var. sylvestris,510,145.10924500000002,0.5679260162018783,0.5284313725490196,0.10760667903525047,0.056862745098039215,0.24,2130,3384
olea europaea var. sylvestris,olea europaea var. sylvestris,560,101.911226,0.5876729559748427,0.5267857142857143,0.10169491525423728,0.05357142857142857,0.26,2130,3384
olea europaea var. sylvestris,olea europaea var. sylvestris,610,101.911226,0.5868836505190312,0.5262295081967213,0.09968847352024922,0.05245901639344262,0.29,2130,3384
olea europaea var. sylvestris,olea europaea var. sylvestris,660,56.525974,0.5511039886039886,0.5272727272727272,0.10344827586206896,0.05454545454545454,0.31,2130,3384
olea europaea var. sylvestris,olea europaea var. sylvestris,710,56.525974,0.5161325604287433,0.5288732394366197,0.10918774966711052,0.057746478873239436,0.33,2130,3384
olea europaea var. sylvestris,olea europaea var. sylvestris,760,56.525974,0.5365764690277225,0.5276315789473685,0.10473815461346632,0.05526315789473684,0.36,2130,3384
olea europaea var. sylvestris,olea europaea var. sylvestris,810,56.525974,0.5416567766437218,0.5271604938271605,0.10304449648711944,0.05432098765432099,0.38,2130,3384
olea europaea var. sylvestris,olea europaea var. sylvestris,860,38.99571577,0.5574914792092707,0.5261627906976745,0.09944751381215469,0.05232558139534884,0.4,2130,3384
olea europaea var. sylvestris,olea europaea var. sylvestris,910,38.99571577,0.5586154187520032,0.5258241758241758,0.09822361546499477,0.051648351648351645,0.43,2130,3384
olea europaea var. sylvestris,olea europaea var. sylvestris,960,38.99571577,0.5593315262438675,0.5255208333333333,0.09712586719524281,0.051041666666666666,0.45,2130,3384
olea europaea var. sylvestris,olea europaea var. sylvestris,1010,20.1122547,0.57075,0.5247524752475248,0.09433962264150944,0.04950495049504951,0.47,2130,3384
olea europaea var. sylvestris,olea europaea var. sylvestris,1060,20.1122547,0.5587303966573607,0.5068568128059849,0.09426987060998153,0.049579184773639914,0.5,2130,3384
olea europaea var. sylvestris,olea europaea var. sylvestris,1110,20.1122547,0.569120019640853,0.49835491468144527,0.09418282548476455,0.04951190257312706,0.52,2130,3384
olea europaea var. sylvestris,olea europaea var. sylvestris,1160,8.304723299999974,0.5572919151914237,0.474735969057055,0.09392265193370165,0.04951797156508442,0.54,2130,3384
olea europaea var. sylvestris,olea europaea var. sylvestris,1210,8.304723299999974,0.5569291257418015,0.4602905160623471,0.09375000000000001,0.049453888773407034,0.57,2130,3384
olea europaea var. sylvestris,olea europaea var. sylvestris,1260,8.304723299999974,0.5659513888888889,0.45335276967930027,0.09366391184573002,0.049271137026239066,0.59,2130,3384
olea europaea var. sylvestris,olea europaea var. sylvestris,1310,7.484264599999999,0.5646776778329198,0.44027013697095957,0.09349220898258478,0.04916624967783575,0.62,2130,3384
olea europaea var. sylvestris,olea europaea var. sylvestris,1360,7.484264599999999,0.5719731737464968,0.4339550105756588,0.09340659340659341,0.048945700729271305,0.64,2130,3384
olea europaea var. sylvestris,olea europaea var. sylvestris,1410,7.484264599999999,0.5787924869985142,0.4278287701858859,0.09332113449222323,0.04871512054669892,0.66,2130,3384
olea europaea var. sylvestris,olea europaea var. sylvestris,1460,7.484264599999999,0.584637441411635,0.4218835539635092,0.09323583180987204,0.04847668406516604,0.69,2130,3384
olea europaea var. sylvestris,olea europaea var. sylvestris,1510,7.484264599999999,0.5810241929644915,0.41067636927827794,0.09306569343065693,0.048322844296079887,0.71,2130,3384
olea europaea var. sylvestris,olea europaea var. sylvestris,1560,7.484264599999999,0.5691850431447747,0.39515679898332956,0.09281164695177434,0.048289441365243116,0.73,2130,3384
olea europaea var. sylvestris,olea europaea var. sylvestris,1610,7.484264599999999,0.5512827280405406,0.3765187928453234,0.09247506799637352,0.048443779056023956,0.76,2130,3384
olea europaea var. sylvestris,olea europaea var. sylvestris,1660,7.484264599999999,0.5505548910154173,0.3678377773792731,0.0923076923076923,0.04831940929284115,0.78,2130,3384
olea europaea var. sylvestris,olea europaea var. sylvestris,1710,7.484264599999999,0.5359470858895705,0.3520108732716144,0.09197475202885483,0.048555274240021824,0.8,2130,3384
olea europaea var. sylvestris,olea europaea var. sylvestris,1760,7.484264599999999,0.49333642641491676,0.32209364958591047,0.09123434704830054,0.0499919966527396,0.83,2130,3384
olea europaea var. sylvestris,olea europaea var. sylvestris,1810,7.484264599999999,0.4911012552513033,0.3132812210021787,0.09099018733273861,0.0501268988429935,0.85,2130,3384
olea europaea var. sylvestris,olea europaea var. sylvestris,1860,7.484264599999999,0.4788785516721146,0.3000335304438655,0.09058614564831262,0.05078991262047125,0.87,2130,3384
olea europaea var. sylvestris,olea europaea var. sylvestris,1910,7.484264599999999,0.48804173987475785,0.29728908766199075,0.09050576752440107,0.05040015426132903,0.9,2130,3384
olea europaea var. sylvestris,olea europaea var. sylvestris,1960,7.484264599999999,0.5017892763979921,0.2969752186588921,0.09050576752440107,0.04977241625513179,0.92,2130,3384
olea europaea var. sylvestris,olea europaea var. sylvestris,2010,7.484264599999999,0.4611648142696505,0.2731541559328295,0.08963093145869948,0.052045600227923955,0.94,2130,3384
olea europaea var. sylvestris,olea europaea var. sylvestris,2060,4.97877572,0.43687924383389487,0.25714517194545605,0.08892763731473409,0.053945431107396774,0.97,2130,3384
olea europaea var. sylvestris,olea europaea var. sylvestris,2110,4.97877572,0.4318660725610779,0.24916002565301099,0.08854166666666666,0.05467360317973318,0.99,2130,3384
prunus persica,prunus persica,10,1281.4112613644604,0.5714285714285714,0.65,0.4615384615384615,0.3,0.0,2098,3345
prunus persica,prunus persica,60,391.364345,0.5295138888888888,0.6,0.33333333333333337,0.2,0.03,2098,3345
prunus persica,prunus persica,110,246.48179043300004,0.592662871600253,0.5772727272727273,0.26771653543307083,0.15454545454545454,0.05,2098,3345
prunus persica,prunus persica,160,212.476667,0.7085289514866979,0.55625,0.20224719101123595,0.1125,0.08,2098,3345
prunus persica,prunus persica,210,154.24426,0.7213157894736841,0.5476190476190477,0.17391304347826084,0.09523809523809523,0.1,2098,3345
prunus persica,prunus persica,260,154.24426,0.779375,0.5384615384615384,0.14285714285714288,0.07692307692307693,0.12,2098,3345
prunus persica,prunus persica,310,154.24426,0.724132707165581,0.5370967741935484,0.13813813813813813,0.07419354838709677,0.15,2098,3345
prunus persica,prunus persica,360,154.24426,0.6002020202020203,0.5416666666666666,0.15384615384615385,0.08333333333333333,0.17,2098,3345
prunus persica,prunus persica,410,154.24426,0.5656380952380953,0.5426829268292683,0.15730337078651685,0.08536585365853659,0.2,2098,3345
prunus persica,prunus persica,460,154.24426,0.5578597965771362,0.5423913043478261,0.156312625250501,0.08478260869565217,0.22,2098,3345
prunus persica,prunus persica,510,132.514,0.5493003336487227,0.542156862745098,0.15551537070524415,0.08431372549019608,0.24,2098,3345
prunus persica,prunus persica,560,132.514,0.53033447265625,0.5428571428571428,0.15789473684210528,0.08571428571428572,0.27,2098,3345
prunus persica,prunus persica,610,132.514,0.5598057404780094,0.5401639344262295,0.14871016691957514,0.08032786885245902,0.29,2098,3345
prunus persica,prunus persica,660,132.514,0.5731510995202679,0.5386363636363636,0.14345991561181437,0.07727272727272727,0.31,2098,3345
prunus persica,prunus persica,710,38.631188310000006,0.5423148222777464,0.5401408450704226,0.14863102998696218,0.08028169014084507,0.34,2098,3345
prunus persica,prunus persica,760,28.94000732,0.5552721294035156,0.5388157894736842,0.14407814407814407,0.07763157894736843,0.36,2098,3345
prunus persica,prunus persica,810,28.94000732,0.5662522707872792,0.5376543209876543,0.14006888633754308,0.07530864197530865,0.39,2098,3345
prunus persica,prunus persica,860,28.94000732,0.5556458635703919,0.5377906976744186,0.14054054054054055,0.0755813953488372,0.41,2098,3345
prunus persica,prunus persica,910,28.94000732,0.5732532672698549,0.5362637362637362,0.13524590163934427,0.07252747252747253,0.43,2098,3345
prunus persica,prunus persica,960,28.94000732,0.5885828416707058,0.5348958333333333,0.13047711781888996,0.06979166666666667,0.46,2098,3345
prunus persica,prunus persica,1010,28.94000732,0.6013254027725741,0.5336633663366337,0.1261595547309833,0.06732673267326733,0.48,2098,3345
prunus persica,prunus persica,1060,14.977753,0.586812584345479,0.5077723810116861,0.1256931608133087,0.06735994354152397,0.51,2098,3345
prunus persica,prunus persica,1110,14.977753,0.5900357403735782,0.4958255284987959,0.12546125461254615,0.06727321380786727,0.53,2098,3345
prunus persica,prunus persica,1160,14.977753,0.5925483103515246,0.48448006325133425,0.1252302025782689,0.06713625990548239,0.55,2098,3345
prunus persica,prunus persica,1210,14.977753,0.5947777928784996,0.47369303363902826,0.125,0.06695956308917606,0.58,2098,3345
prunus persica,prunus persica,1260,14.977753,0.6119191721983601,0.47352905620232355,0.125,0.06663160821576664,0.6,2098,3345
prunus persica,prunus persica,1310,14.977753,0.6042401229545249,0.4583782848174554,0.12465627864344637,0.06644487179846059,0.62,2098,3345
prunus persica,prunus persica,1360,14.977753,0.5973932676518884,0.4443076240397149,0.12431444241316271,0.06626729899880746,0.65,2098,3345
prunus persica,prunus persica,1410,14.977753,0.6125745169862816,0.4440990299637867,0.12431444241316271,0.06585011084695096,0.67,2098,3345
prunus persica,prunus persica,1460,7.3599853,0.5909284619608421,0.42287761906866383,0.1237488626023658,0.06582421132678144,0.7,2098,3345
prunus persica,prunus persica,1510,7.3599853,0.5986032863849766,0.418725912326332,0.12363636363636364,0.06543862333253193,0.72,2098,3345
prunus persica,prunus persica,1560,7.3599853,0.5858284229775623,0.4036988273295415,0.12318840579710146,0.06537111157924302,0.74,2098,3345
prunus persica,prunus persica,1610,7.3599853,0.5744148850016197,0.38991891203317314,0.12274368231046934,0.06535004875820324,0.77,2098,3345
prunus persica,prunus persica,1660,7.3599853,0.5645718492788644,0.37723766352538873,0.12230215827338131,0.06536641615968826,0.79,2098,3345
prunus persica,prunus persica,1710,7.3599853,0.5452645998057983,0.36017408758419706,0.12164579606440072,0.06578271862273946,0.82,2098,3345
prunus persica,prunus persica,1760,7.3599853,0.5386588722260749,0.34973479490806225,0.12121212121212123,0.06587694483734088,0.84,2098,3345
prunus persica,prunus persica,1810,7.3599853,0.5325820339535073,0.34002648312078304,0.12078152753108348,0.0659867320319382,0.86,2098,3345
prunus persica,prunus persica,1860,7.3599853,0.5412100171136316,0.33743369994567696,0.12067435669920144,0.06547415287434451,0.89,2098,3345
prunus persica,prunus persica,1910,6.26,0.5394995344506518,0.3306092651149932,0.12035398230088495,0.0653769460715705,0.91,2098,3345
prunus persica,prunus persica,1960,6.26,0.5119179166719587,0.31279048229929785,0.11940298507462686,0.06661250961356222,0.93,2098,3345
prunus persica,prunus persica,2010,4.97877572,0.4786057701429444,0.2929573220897828,0.11815812337098176,0.0687880379019166,0.96,2098,3345
prunus persica,prunus persica,2060,4.97877572,0.44235987664296483,0.2729713075863225,0.11663807890222984,0.0720659967415711,0.98,2098,3345
solanum lycopersicum,solanum lycopersicum,10,1355.2713774244614,0.5833333333333334,0.7,0.5714285714285715,0.4,0.0,2268,3578
solanum lycopersicum,solanum lycopersicum,60,391.364345,0.6448863636363636,0.6333333333333333,0.4210526315789474,0.26666666666666666,0.03,2268,3578
solanum lycopersicum,solanum lycopersicum,110,314.82494570392,0.608,0.6136363636363636,0.37037037037037035,0.22727272727272727,0.05,2268,3578
solanum lycopersicum,solanum lycopersicum,160,194.6347554,0.709551656920078,0.584375,0.2887700534759359,0.16875,0.07,2268,3578
solanum lycopersicum,solanum lycopersicum,210,154.24426,0.7623626373626373,0.5666666666666667,0.23529411764705882,0.13333333333333333,0.09,2268,3578
solanum lycopersicum,solanum lycopersicum,260,154.24426,0.7477109452035497,0.5596153846153846,0.21305841924398627,0.11923076923076924,0.11,2268,3578
solanum lycopersicum,solanum lycopersicum,310,154.24426,0.710961038961039,0.5564516129032258,0.2028985507246377,0.11290322580645161,0.14,2268,3578
solanum lycopersicum,solanum lycopersicum,360,154.24426,0.6994115724092841,0.5527777777777778,0.19095477386934673,0.10555555555555556,0.16,2268,3578
solanum lycopersicum,solanum lycopersicum,410,154.24426,0.6149068322981366,0.5560975609756098,0.20175438596491227,0.11219512195121951,0.18,2268,3578
solanum lycopersicum,solanum lycopersicum,460,154.24426,0.5996692075363153,0.5554347826086956,0.1996086105675147,0.1108695652173913,0.2,2268,3578
solanum lycopersicum,solanum lycopersicum,510,154.24426,0.5871814033983638,0.5549019607843138,0.1978798586572438,0.10980392156862745,0.22,2268,3578
solanum lycopersicum,solanum lycopersicum,560,132.514,0.5870166666666666,0.5535714285714286,0.19354838709677416,0.10714285714285714,0.25,2268,3578
solanum lycopersicum,solanum lycopersicum,610,132.514,0.5857514880952381,0.5524590163934426,0.18991097922848665,0.10491803278688525,0.27,2268,3578
solanum lycopersicum,solanum lycopersicum,660,132.514,0.6013034384246506,0.55,0.18181818181818182,0.1,0.29,2268,3578
solanum lycopersicum,solanum lycopersicum,710,132.514,0.5620325514193439,0.5521126760563381,0.18877551020408162,0.10422535211267606,0.31,2268,3578
solanum lycopersicum,solanum lycopersicum,760,132.514,0.5555772412126618,0.5519736842105263,0.18831942789034567,0.10394736842105264,0.34,2268,3578
solanum lycopersicum,solanum lycopersicum,810,30.5790063,0.5426125760649088,0.5524691358024691,0.18994413407821228,0.10493827160493827,0.36,2268,3578
solanum lycopersicum,solanum lycopersicum,860,30.5790063,0.5518944300518135,0.5511627906976744,0.18565400843881857,0.10232558139534884,0.38,2268,3578
solanum lycopersicum,solanum lycopersicum,910,30.5790063,0.5724794372442485,0.548901098901099,0.17817817817817816,0.0978021978021978,0.4,2268,3578
solanum lycopersicum,solanum lycopersicum,960,30.5790063,0.5708908484329849,0.5484375,0.17663817663817663,0.096875,0.42,2268,3578
solanum lycopersicum,solanum lycopersicum,1010,30.5790063,0.5875975564433709,0.5465346534653466,0.17028985507246375,0.09306930693069307,0.45,2268,3578
solanum lycopersicum,solanum lycopersicum,1060,30.5790063,0.5961110390733058,0.5452830188679245,0.16608996539792387,0.09056603773584905,0.47,2268,3578
solanum lycopersicum,solanum lycopersicum,1110,30.5790063,0.5675131900902278,0.5468468468468468,0.171334431630972,0.0936936936936937,0.49,2268,3578
solanum lycopersicum,solanum lycopersicum,1160,20.639893,0.5708700552937314,0.5337444744153441,0.1696574225122349,0.09292053410793037,0.51,2268,3578
solanum lycopersicum,solanum lycopersicum,1210,20.639893,0.5791148997158546,0.525600398441819,0.1693811074918567,0.09280904802530286,0.53,2268,3578
solanum lycopersicum,solanum lycopersicum,1260,14.977753,0.5917509881422924,0.5215782876640785,0.16924328722538648,0.09263256850388217,0.56,2268,3578
solanum lycopersicum,solanum lycopersicum,1310,14.977753,0.5976814035296923,0.5138092119560715,0.16896831844029245,0.09240841497559259,0.58,2268,3578
solanum lycopersicum,solanum lycopersicum,1360,14.977753,0.587065343702512,0.49569391876500374,0.16828478964401292,0.09217226807315121,0.6,2268,3578
solanum lycopersicum,solanum lycopersicum,1410,7.3599853,0.597762633153172,0.4921125676646405,0.1681487469684721,0.0918424086211125,0.62,2268,3578
solanum lycopersicum,solanum lycopersicum,1460,7.3599853,0.5970318296002322,0.4820440464797751,0.16774193548387095,0.09152625720005418,0.64,2268,3578
solanum lycopersicum,solanum lycopersicum,1510,7.3599853,0.5914657039711192,0.46942370493995933,0.16720257234726688,0.09123346886115205,0.67,2268,3578
solanum lycopersicum,solanum lycopersicum,1560,7.3599853,0.6057003484320558,0.4692008317866226,0.16720257234726688,0.09078772255447859,0.69,2268,3578
solanum lycopersicum,solanum lycopersicum,1610,7.3599853,0.5808919726533667,0.44645371734500017,0.16613418530351437,0.0906874074100042,0.71,2268,3578
solanum lycopersicum,solanum lycopersicum,1660,7.3599853,0.5901341914281801,0.443565908626704,0.16600159616919394,0.09020492357168258,0.73,2268,3578
solanum lycopersicum,solanum lycopersicum,1710,5.765316,0.5558620689655173,0.4170790563045931,0.16455696202531644,0.09063711171553115,0.75,2268,3578
solanum lycopersicum,solanum lycopersicum,1760,5.765316,0.545960429537494,0.40419319621027844,0.16377952755905512,0.09071628725333694,0.78,2268,3578
solanum lycopersicum,solanum lycopersicum,1810,5.765316,0.5300446841822566,0.388707457878832,0.162754303599374,0.09117776556179055,0.8,2268,3578
solanum lycopersicum,solanum lycopersicum,1860,5.765316,0.5196636605453692,0.3763897412707129,0.16186770428015562,0.09156088159608945,0.82,2268,3578
solanum lycopersicum,solanum lycopersicum,1910,5.765316,0.5075033767678373,0.36364524459834,0.16086620262954368,0.09219963426668308,0.84,2268,3578
solanum lycopersicum,solanum lycopersicum,1960,5.765316,0.496793841703853,0.3520823074538126,0.15987701767870868,0.09290456128832231,0.86,2268,3578
solanum lycopersicum,solanum lycopersicum,2010,5.765316,0.4959739044473322,0.34519169503516806,0.15926493108728942,0.09298215806888341,0.89,2268,3578
solanum lycopersicum,solanum lycopersicum,2060,4.97877572,0.4923750662585234,0.33750205611689776,0.15853658536585363,0.09328560894394104,0.91,2268,3578
solanum lycopersicum,solanum lycopersicum,2110,4.97877572,0.47353690544779464,0.3240622484303188,0.15709969788519637,0.09501741082999182,0.93,2268,3578
solanum lycopersicum,solanum lycopersicum,2160,4.97877572,0.45315576633990384,0.310533355300653,0.1554559043348281,0.09737669056547825,0.95,2268,3578
solanum lycopersicum,solanum lycopersicum,2210,4.97877572,0.4378660960217565,0.2995672696084357,0.153960029607698,0.09958136674144702,0.97,2268,3578
solanum lycopersicum,solanum lycopersicum,2260,4.97877572,0.42103855304890675,0.28863354648692,0.1522693997071742,0.10240702054074663,1.0,2268,3578
solanum tuberosum,solanum tuberosum,10,1229.1784949644614,0.5714285714285714,0.65,0.4615384615384615,0.3,0.0,2268,3588
solanum tuberosum,solanum tuberosum,60,413.4145019,0.6076388888888888,0.6,0.33333333333333337,0.2,0.03,2268,3588
solanum tuberosum,solanum tuberosum,110,257.6249158,0.589975845410628,0.5818181818181818,0.28125,0.16363636363636364,0.05,2268,3588
solanum tuberosum,solanum tuberosum,160,205.174908,0.7343505477308294,0.55625,0.20224719101123595,0.1125,0.07,2268,3588
solanum tuberosum,solanum tuberosum,210,154.24426,0.7657756957839625,0.5452380952380952,0.16593886462882096,0.09047619047619047,0.09,2268,3588
solanum tuberosum,solanum tuberosum,260,145.10924500000002,0.7499501892807332,0.5403846153846154,0.14946619217081852,0.08076923076923077,0.11,2268,3588
solanum tuberosum,solanum tuberosum,310,145.10924500000002,0.7292834419027421,0.5370967741935484,0.13813813813813813,0.07419354838709677,0.14,2268,3588
solanum tuberosum,solanum tuberosum,360,145.10924500000002,0.6840165822201749,0.5361111111111111,0.13471502590673573,0.07222222222222222,0.16,2268,3588
solanum tuberosum,solanum tuberosum,410,145.10924500000002,0.6143501574602094,0.5378048780487805,0.1405895691609977,0.07560975609756097,0.18,2268,3588
solanum tuberosum,solanum tuberosum,460,145.10924500000002,0.5729494234800838,0.5391304347826087,0.14516129032258066,0.0782608695652174,0.2,2268,3588
solanum tuberosum,solanum tuberosum,510,145.10924500000002,0.6009085195131707,0.5362745098039216,0.13528336380255943,0.07254901960784314,0.22,2268,3588
solanum tuberosum,solanum tuberosum,560,145.10924500000002,0.5926682692307692,0.5357142857142857,0.13333333333333333,0.07142857142857142,0.25,2268,3588
solanum tuberosum,solanum tuberosum,610,145.10924500000002,0.5591543756145526,0.5368852459016393,0.13740458015267176,0.07377049180327869,0.27,2268,3588
solanum tuberosum,solanum tuberosum,660,145.10924500000002,0.5818403908794789,0.5348484848484849,0.13031161473087818,0.0696969696969697,0.29,2268,3588
solanum tuberosum,solanum tuberosum,710,145.10924500000002,0.6005744359937101,0.5330985915492957,0.12417437252311757,0.06619718309859154,0.31,2268,3588
solanum tuberosum,solanum tuberosum,760,145.10924500000002,0.567511408083442,0.5342105263157895,0.12807881773399016,0.06842105263157895,0.34,2268,3588
solanum tuberosum,solanum tuberosum,810,30.5790063,0.5733759553203999,0.5333333333333333,0.125,0.06666666666666667,0.36,2268,3588
solanum tuberosum,solanum tuberosum,860,30.5790063,0.5890344438170525,0.5319767441860466,0.12021857923497267,0.06395348837209303,0.38,2268,3588
solanum tuberosum,solanum tuberosum,910,30.5790063,0.6020512713282034,0.5307692307692308,0.11594202898550725,0.06153846153846154,0.4,2268,3588
solanum tuberosum,solanum tuberosum,960,30.5790063,0.6026454621912991,0.5302083333333333,0.11394891944990178,0.06041666666666667,0.42,2268,3588
solanum tuberosum,solanum tuberosum,1010,30.5790063,0.61264681245433,0.5292079207920792,0.11038353601496725,0.05841584158415842,0.45,2268,3588
solanum tuberosum,solanum tuberosum,1060,30.5790063,0.6116772510215133,0.5287735849056604,0.10883140053523639,0.057547169811320756,0.47,2268,3588
solanum tuberosum,solanum tuberosum,1110,30.5790063,0.6199519822703767,0.527927927927928,0.10580204778156996,0.055855855855855854,0.49,2268,3588
solanum tuberosum,solanum tuberosum,1160,30.5790063,0.6075869336143309,0.5059442662389736,0.10481825866441252,0.05548286301324362,0.51,2268,3588
solanum tuberosum,solanum tuberosum,1210,30.5790063,0.6247161572052401,0.5058908322121853,0.10481825866441252,0.0553759949596671,0.53,2268,3588
solanum tuberosum,solanum tuberosum,1260,14.977753,0.6310149231003503,0.49901235715189207,0.10472972972972974,0.05526979480467853,0.56,2268,3588
solanum tuberosum,solanum tuberosum,1310,14.977753,0.6363936552154753,0.49232304997836474,0.10464135021097047,0.05513444534962191,0.58,2268,3588
solanum tuberosum,solanum tuberosum,1360,14.977753,0.6410205336004371,0.4858163211617384,0.10455311973018551,0.05497474481742608,0.6,2268,3588
solanum tuberosum,solanum tuberosum,1410,14.977753,0.6449167288093463,0.4794857176900075,0.10446503791069925,0.05479472230542515,0.62,2268,3588
solanum tuberosum,solanum tuberosum,1460,14.977753,0.6300382244636566,0.46170829895742294,0.10420168067226891,0.05460324072939556,0.64,2268,3588
solanum tuberosum,solanum tuberosum,1510,14.977753,0.6339072077482578,0.4560280042201563,0.10411418975650714,0.0543845305076051,0.67,2268,3588
solanum tuberosum,solanum tuberosum,1560,14.977753,0.6375859372158161,0.4504931586326935,0.1040268456375839,0.05415558671372625,0.69,2268,3588
solanum tuberosum,solanum tuberosum,1610,14.977753,0.615907645444199,0.43013292740289705,0.10367892976588629,0.05401843496266768,0.71,2268,3588
solanum tuberosum,solanum tuberosum,1660,14.977753,0.6202171354454399,0.42525363108647085,0.10359231411862992,0.05376352901472515,0.73,2268,3588
solanum tuberosum,solanum tuberosum,1710,14.977753,0.5941288877174485,0.4032084534532515,0.10316139767054909,0.05379743335679689,0.75,2268,3588
solanum tuberosum,solanum tuberosum,1760,14.977753,0.5852209878324437,0.39115219767535325,0.1029045643153527,0.05372503565667159,0.78,2268,3588
solanum tuberosum,solanum tuberosum,1810,7.3599853,0.5578810252941803,0.36962495511255633,0.10239471511147813,0.05409785298003209,0.8,2268,3588
solanum tuberosum,solanum tuberosum,1860,7.3599853,0.5464326856167148,0.35672431688413775,0.10205761316872428,0.05426341716277602,0.82,2268,3588
solanum tuberosum,solanum tuberosum,1910,7.3599853,0.5260878675700217,0.3394319439472222,0.10155610155610155,0.05484735351439689,0.84,2268,3588
solanum tuberosum,solanum tuberosum,1960,7.3599853,0.5131939444844411,0.3264998167822088,0.10114192495921696,0.05530533819570364,0.86,2268,3588
solanum tuberosum,solanum tuberosum,2010,6.26,0.5113407246108668,0.31919641987326813,0.10089503661513426,0.05535362880034869,0.89,2268,3588
solanum tuberosum,solanum tuberosum,2060,6.26,0.5051257404716665,0.310157380928828,0.10056772100567721,0.0556262653188056,0.91,2268,3588
solanum tuberosum,solanum tuberosum,2110,6.26,0.49088582243662454,0.29790747562908715,0.10008071025020178,0.056377644379007066,0.93,2268,3588
solanum tuberosum,solanum tuberosum,2160,6.26,0.4671428571428572,0.2819303650699,0.09935897435897437,0.05792980953982742,0.95,2268,3588
solanum tuberosum,solanum tuberosum,2210,6.26,0.44381297446514834,0.2668037161197216,0.0985691573926868,0.05985327941552292,0.97,2268,3588
solanum tuberosum,solanum tuberosum,2260,6.26,0.4277593557555661,0.25502956475340804,0.0978689818468824,0.061571297688252175,1.0,2268,3588
spinacia oleracea,spinacia oleracea,10,1160.895169164461,0.5833333333333334,0.7,0.5714285714285715,0.4,0.0,2057,3288
spinacia oleracea,spinacia oleracea,60,391.364345,0.5980113636363636,0.6333333333333333,0.4210526315789474,0.26666666666666666,0.03,2057,3288
spinacia oleracea,spinacia oleracea,110,244.760817,0.6559657570893526,0.5954545454545455,0.3206106870229008,0.19090909090909092,0.05,2057,3288
spinacia oleracea,spinacia oleracea,160,244.760817,0.7588932806324111,0.56875,0.2417582417582418,0.1375,0.08,2057,3288
spinacia oleracea,spinacia oleracea,210,154.24426,0.7442162162162163,0.5595238095238095,0.21276595744680848,0.11904761904761904,0.1,2057,3288
spinacia oleracea,spinacia oleracea,260,154.24426,0.767094017094017,0.55,0.18181818181818182,0.1,0.13,2057,3288
spinacia oleracea,spinacia oleracea,310,154.24426,0.7276966498956927,0.5467741935483871,0.1710914454277286,0.0935483870967742,0.15,2057,3288
spinacia oleracea,spinacia oleracea,360,154.24426,0.642989010989011,0.5486111111111112,0.17721518987341772,0.09722222222222222,0.18,2057,3288
spinacia oleracea,spinacia oleracea,410,154.24426,0.5924053142970455,0.55,0.18181818181818182,0.1,0.2,2057,3288
spinacia oleracea,spinacia oleracea,460,154.24426,0.6114829066978976,0.5467391304347826,0.1709741550695825,0.09347826086956522,0.22,2057,3288
spinacia oleracea,spinacia oleracea,510,132.514,0.5986167915077432,0.5460784313725491,0.16876122082585276,0.09215686274509804,0.25,2057,3288
spinacia oleracea,spinacia oleracea,560,132.514,0.5879463769790824,0.5455357142857142,0.16693944353518822,0.09107142857142857,0.27,2057,3288
spinacia oleracea,spinacia oleracea,610,132.514,0.6016564479523052,0.5434426229508197,0.15987933634992457,0.08688524590163935,0.3,2057,3288
spinacia oleracea,spinacia oleracea,660,132.514,0.5795480581968152,0.543939393939394,0.1615598885793872,0.08787878787878788,0.32,2057,3288
spinacia oleracea,spinacia oleracea,710,132.514,0.5639827285886019,0.5443661971830986,0.1630012936610608,0.08873239436619719,0.35,2057,3288
spinacia oleracea,spinacia oleracea,760,30.5790063,0.5681927342590167,0.5434210526315789,0.15980629539951577,0.0868421052631579,0.37,2057,3288
spinacia oleracea,spinacia oleracea,810,30.5790063,0.5886683674494285,0.5413580246913581,0.15279361459521093,0.08271604938271605,0.39,2057,3288
spinacia oleracea,spinacia oleracea,860,30.5790063,0.57981220657277,0.5412790697674419,0.15252416756176154,0.08255813953488372,0.42,2057,3288
spinacia oleracea,spinacia oleracea,910,30.5790063,0.588468273841672,0.5401098901098901,0.14852492370295017,0.08021978021978023,0.44,2057,3288
spinacia oleracea,spinacia oleracea,960,30.5790063,0.6034409126959916,0.5385416666666667,0.14313346228239845,0.07708333333333334,0.47,2057,3288
spinacia oleracea,spinacia oleracea,1010,30.5790063,0.5926185759876746,0.5386138613861386,0.14338235294117646,0.07722772277227723,0.49,2057,3288
spinacia oleracea,spinacia oleracea,1060,30.5790063,0.5759270449248375,0.5108518700244656,0.14272644098810613,0.07729243144819142,0.52,2057,3288
spinacia oleracea,spinacia oleracea,1110,30.5790063,0.5822266857962697,0.5005905439510565,0.14246575342465756,0.07717409896792542,0.54,2057,3288
spinacia oleracea,spinacia oleracea,1160,14.977753,0.5737313652052581,0.4815574878874947,0.14194722474977253,0.07716548194920228,0.56,2057,3288
spinacia oleracea,spinacia oleracea,1210,14.977753,0.5726890021000234,0.46831202883134165,0.14156079854809436,0.07704592593646716,0.59,2057,3288
spinacia oleracea,spinacia oleracea,1260,14.977753,0.5844919884641254,0.46392108104819707,0.1414324569356301,0.0766764003589299,0.61,2057,3288
spinacia oleracea,spinacia oleracea,1310,7.3599853,0.58851635260992,0.45562872679393296,0.1411764705882353,0.07638512424966884,0.64,2057,3288
spinacia oleracea,spinacia oleracea,1360,7.3599853,0.5921549901641485,0.44766101117388885,0.14092140921409216,0.07607123128929023,0.66,2057,3288
spinacia oleracea,spinacia oleracea,1410,7.3599853,0.6012436224489797,0.4436652436411683,0.1407942238267148,0.07565136018595346,0.69,2057,3288
spinacia oleracea,spinacia oleracea,1460,7.3599853,0.5855721143871047,0.4258162819207842,0.14016172506738545,0.07560641753761757,0.71,2057,3288
spinacia oleracea,spinacia oleracea,1510,7.3599853,0.5883341806473479,0.4189828301657035,0.1399103139013453,0.07524996018996413,0.73,2057,3288
spinacia oleracea,spinacia oleracea,1560,7.3599853,0.5639367107340174,0.3977255829978602,0.13903743315508021,0.07557846443985058,0.76,2057,3288
spinacia oleracea,spinacia oleracea,1610,7.3599853,0.5680821371610845,0.3918992487676359,0.13879003558718864,0.07520026929139464,0.78,2057,3288
spinacia oleracea,spinacia oleracea,1660,7.3599853,0.5474602484171862,0.37387971820183113,0.13793103448275862,0.07568677459202656,0.81,2057,3288
spinacia oleracea,spinacia oleracea,1710,7.3599853,0.5174112516860125,0.35182086107365257,0.13672217353198948,0.0769770709493609,0.83,2057,3288
spinacia oleracea,spinacia oleracea,1760,7.3599853,0.5156421652421652,0.3436959320932093,0.13624454148471615,0.07700682568256825,0.86,2057,3288
spinacia oleracea,spinacia oleracea,1810,7.3599853,0.5181029401567159,0.3377971426736716,0.13588850174216027,0.07679962327244014,0.88,2057,3288
spinacia oleracea,spinacia oleracea,1860,7.3599853,0.5204081211656126,0.3321450899379575,0.13553431798436144,0.07659268672234416,0.9,2057,3288
spinacia oleracea,spinacia oleracea,1910,7.3599853,0.5075620455870172,0.32045198222949506,0.13471502590673576,0.07735031179642657,0.93,2057,3288
spinacia oleracea,spinacia oleracea,1960,6.26,0.4643031991221406,0.2971713753007954,0.1327659574468085,0.08089540586711733,0.95,2057,3288
spinacia oleracea,spinacia oleracea,2010,6.26,0.43292080628547436,0.2797053651930708,0.13098236775818642,0.08452423621186231,0.98,2057,3288
zea mays,zea mays,10,2471.595954200001,0.5833333333333334,0.7,0.5714285714285715,0.4,0.0,2279,3534
zea mays,zea mays,60,412.2883114,0.5875613747954173,0.6083333333333334,0.3561643835616438,0.21666666666666667,0.03,2279,3534
zea mays,zea mays,110,412.2883114,0.736140350877193,0.5681818181818181,0.24000000000000002,0.13636363636363635,0.05,2279,3534
zea mays,zea mays,160,276.8342496,0.6667857142857143,0.5625,0.2222222222222222,0.125,0.07,2279,3534
zea mays,zea mays,210,225.06,0.7026112185686654,0.5523809523809524,0.1896551724137931,0.10476190476190476,0.09,2279,3534
zea mays,zea mays,260,225.06,0.7358282883874518,0.5442307692307692,0.16254416961130744,0.08846153846153847,0.11,2279,3534
zea mays,zea mays,310,154.24426,0.693661971830986,0.5419354838709678,0.15476190476190477,0.08387096774193549,0.14,2279,3534
zea mays,zea mays,360,154.24426,0.6710073966038129,0.5402777777777777,0.14910025706940877,0.08055555555555556,0.16,2279,3534
zea mays,zea mays,410,154.24426,0.6006095238095238,0.5426829268292683,0.15730337078651685,0.08536585365853659,0.18,2279,3534
zea mays,zea mays,460,154.24426,0.5449419002050582,0.5456521739130434,0.16733067729083667,0.09130434782608696,0.2,2279,3534
zea mays,zea mays,510,154.24426,0.5443215892053973,0.5450980392156862,0.1654676258992806,0.09019607843137255,0.22,2279,3534
zea mays,zea mays,560,154.24426,0.5413725490196077,0.5446428571428571,0.1639344262295082,0.08928571428571429,0.25,2279,3534
zea mays,zea mays,610,119.30268831,0.5279934479934479,0.5450819672131147,0.16541353383458648,0.09016393442622951,0.27,2279,3534
zea mays,zea mays,660,119.30268831,0.5384637415511514,0.543939393939394,0.1615598885793872,0.08787878787878788,0.29,2279,3534
zea mays,zea mays,710,119.30268831,0.5545128205128205,0.5422535211267605,0.15584415584415587,0.08450704225352113,0.31,2279,3534
zea mays,zea mays,760,30.5790063,0.5765144585942447,0.5401315789473684,0.14859926918392205,0.08026315789473684,0.33,2279,3534
zea mays,zea mays,810,30.5790063,0.5770777479892761,0.5395061728395062,0.14645308924485126,0.07901234567901234,0.36,2279,3534
zea mays,zea mays,860,30.5790063,0.585260667124647,0.5383720930232558,0.14254859611231102,0.07674418604651163,0.38,2279,3534
zea mays,zea mays,910,30.5790063,0.591833170322761,0.5373626373626373,0.1390593047034765,0.07472527472527472,0.4,2279,3534
zea mays,zea mays,960,28.4913592,0.5965489566613162,0.5364583333333334,0.13592233009708737,0.07291666666666667,0.42,2279,3534
zea mays,zea mays,1010,28.4913592,0.5848637098637098,0.5366336633663367,0.13653136531365312,0.07326732673267326,0.44,2279,3534
zea mays,zea mays,1060,28.4913592,0.5900861146769363,0.5358490566037736,0.13380281690140844,0.07169811320754717,0.47,2279,3534
zea mays,zea mays,1110,28.4913592,0.5937934804213874,0.5351351351351351,0.13131313131313133,0.07027027027027027,0.49,2279,3534
zea mays,zea mays,1160,14.977753,0.596875,0.5228143657853053,0.12871287128712872,0.06890611672962106,0.51,2279,3534
zea mays,zea mays,1210,14.977753,0.59955565646082,0.5117149454793325,0.128500823723229,0.0688491790738075,0.53,2279,3534
zea mays,zea mays,1260,14.977753,0.6017472465176547,0.5011189634864547,0.12828947368421054,0.0687447417129396,0.55,2279,3534
zea mays,zea mays,1310,14.977753,0.6105834333733493,0.49594758195674354,0.12818405916187348,0.06857360914316905,0.57,2279,3534
zea mays,zea mays,1360,14.977753,0.6185243328100472,0.49088184538339946,0.12807881773399013,0.06837721693986165,0.6,2279,3534
zea mays,zea mays,1410,14.977753,0.6255636354158521,0.48591964825045564,0.1279737489745693,0.06815951095198962,0.62,2279,3534
zea mays,zea mays,1460,14.977753,0.6316922873045322,0.4810587725358528,0.12786885245901639,0.06792384124902641,0.64,2279,3534
zea mays,zea mays,1510,14.977753,0.6303599374021909,0.4717591400868962,0.1276595744680851,0.06766433435518218,0.66,2279,3534
zea mays,zea mays,1560,14.977753,0.6429327286470143,0.4716317839992752,0.1276595744680851,0.0674096221799402,0.68,2279,3534
zea mays,zea mays,1610,14.977753,0.6334729694289096,0.4584655206226331,0.1273469387755102,0.06710771969049589,0.71,2279,3534
zea mays,zea mays,1660,14.977753,0.6317807297797209,0.45009909453697255,0.1271393643031785,0.06681526179107354,0.73,2279,3534
zea mays,zea mays,1710,14.977753,0.5927797681260988,0.42040301503928496,0.12631578947368421,0.06680006074857574,0.75,2279,3534
zea mays,zea mays,1760,13.789489595,0.576655120616985,0.40408613520362635,0.12580645161290321,0.06680988328514831,0.77,2279,3534
zea mays,zea mays,1810,13.789489595,0.5675032601379775,0.39205884772744387,0.12540192926045016,0.06677165810001645,0.79,2279,3534
zea mays,zea mays,1860,13.789489595,0.5448018380241241,0.37320489463310685,0.12470023980815348,0.06720736624753629,0.82,2279,3534
zea mays,zea mays,1910,13.789489595,0.529913725490196,0.35875596174125396,0.12410501193317422,0.06760379627402735,0.84,2279,3534
zea mays,zea mays,1960,13.789489595,0.5211055065153426,0.34771760294223697,0.12361331220285261,0.06787336842864354,0.86,2279,3534
zea mays,zea mays,2010,13.789489595,0.5214688292387869,0.3413669715663559,0.12332015810276681,0.06777339689078188,0.88,2279,3534
zea mays,zea mays,2060,13.789489595,0.5217530879295585,0.3352946726050536,0.12302839116719241,0.06767415086381734,0.9,2279,3534
zea mays,zea mays,2110,13.789489595,0.506607271731827,0.32258241314895647,0.12235294117647058,0.06839001100719655,0.93,2279,3534
zea mays,zea mays,2160,13.789489595,0.46717839122902416,0.2998062583762812,0.12093023255813955,0.07105322883378973,0.95,2279,3534
zea mays,zea mays,2210,13.789489595,0.4439504036908881,0.2846785411636794,0.119815668202765,0.07324400812241179,0.97,2279,3534
zea mays,zea mays,2260,7.43,0.42992788461538467,0.2736853351678706,0.11890243902439024,0.0749914006066481,0.99,2279,3534
